-- phpMyAdmin SQL Dump
-- version 5.2.0
-- https://www.phpmyadmin.net/
--
-- Host: localhost:3306
-- Generation Time: Jun 16, 2026 at 12:40 PM
-- Server version: 8.0.30
-- PHP Version: 8.1.10

SET SQL_MODE = "NO_AUTO_VALUE_ON_ZERO";
START TRANSACTION;
SET time_zone = "+00:00";


/*!40101 SET @OLD_CHARACTER_SET_CLIENT=@@CHARACTER_SET_CLIENT */;
/*!40101 SET @OLD_CHARACTER_SET_RESULTS=@@CHARACTER_SET_RESULTS */;
/*!40101 SET @OLD_COLLATION_CONNECTION=@@COLLATION_CONNECTION */;
/*!40101 SET NAMES utf8mb4 */;

--
-- Database: `kasir_minimarket`
--

-- --------------------------------------------------------

--
-- Table structure for table `barang`
--

CREATE TABLE `barang` (
  `id_barang` int NOT NULL,
  `id_kategori` int NOT NULL,
  `id_satuan` int NOT NULL,
  `nama_barang` varchar(100) CHARACTER SET utf8mb4 COLLATE utf8mb4_general_ci NOT NULL,
  `harga` int NOT NULL,
  `stok` int NOT NULL DEFAULT '0',
  `created_at` timestamp NOT NULL DEFAULT CURRENT_TIMESTAMP
) ENGINE=InnoDB DEFAULT CHARSET=utf8mb4 COLLATE=utf8mb4_general_ci;

--
-- Dumping data for table `barang`
--

INSERT INTO `barang` (`id_barang`, `id_kategori`, `id_satuan`, `nama_barang`, `harga`, `stok`, `created_at`) VALUES
(9, 11, 4, 'Aqua 200ml', 5000, 22, '2026-06-10 16:06:39'),
(10, 10, 3, 'Pocky', 10000, 30, '2026-06-12 02:56:15'),
(11, 10, 10, 'Mochi rasa Macha', 7000, 30, '2026-06-12 03:04:44'),
(12, 10, 3, 'Indomie Goreng ', 4000, 48, '2026-06-12 10:09:48'),
(14, 10, 3, 'indomie kuah', 4000, 45, '2026-06-13 03:31:03'),
(15, 15, 4, 'Shampo 250ml', 30000, 40, '2026-06-13 03:33:12'),
(16, 14, 3, 'Royco rasa sapi', 500, 198, '2026-06-13 03:34:03'),
(17, 17, 3, 'Permen kiss', 500, 198, '2026-06-13 03:35:49'),
(18, 14, 11, 'Ladaku merica', 1000, 298, '2026-06-13 03:37:46'),
(19, 14, 7, 'Garam cap kapal', 3500, 398, '2026-06-13 03:38:14'),
(21, 11, 9, 'Aqua Galon isi baru', 25000, 36, '2026-06-13 03:41:18'),
(22, 14, 3, 'Boncabe lvl 15', 1000, 40, '2026-06-13 03:42:38'),
(23, 14, 3, 'Boncabe lvl 30', 1000, 45, '2026-06-13 03:43:06'),
(24, 11, 4, 'Milku', 4000, 100, '2026-06-13 03:43:38'),
(25, 17, 3, 'Beng Beng', 2000, 200, '2026-06-13 11:16:52'),
(26, 14, 11, 'Marinasi Ayam', 1500, 30, '2026-06-13 11:22:39'),
(27, 14, 3, 'Marinasi ikan', 1500, 50, '2026-06-13 11:23:58'),
(28, 11, 4, 'Golda ', 3500, 100, '2026-06-13 11:25:05'),
(29, 17, 3, 'Makaroni', 1000, 250, '2026-06-13 11:27:20'),
(30, 17, 3, 'Permen Kopiko', 500, 150, '2026-06-13 11:28:24'),
(32, 14, 5, 'Bawang Putih', 42000, 36, '2026-06-13 11:42:09'),
(33, 14, 5, 'Bawang Merah', 40000, 34, '2026-06-13 11:44:00'),
(34, 11, 11, 'Good Day Cappuccino', 2000, 97, '2026-06-13 11:47:24'),
(35, 11, 4, 'teh pucuk', 4000, 59, '2026-06-13 11:48:16'),
(36, 11, 3, 'Kopi Indocafe', 1800, 78, '2026-06-13 11:48:33'),
(37, 11, 4, 'fresh tea', 7000, 79, '2026-06-13 11:48:51'),
(38, 14, 4, 'Kecap Bango', 10000, 40, '2026-06-13 11:49:26'),
(39, 10, 3, 'samyang', 21000, 50, '2026-06-13 11:49:33'),
(40, 11, 4, 'susu kedelai', 7000, 30, '2026-06-13 11:51:13'),
(41, 19, 3, 'Sabun Lux', 4000, 50, '2026-06-13 11:51:55'),
(42, 10, 3, 'yuppy', 10000, 67, '2026-06-13 11:52:01'),
(43, 10, 3, 'wafer ', 8000, 80, '2026-06-13 11:53:39'),
(44, 11, 4, 'wonhe susu pisang', 9000, 50, '2026-06-13 11:55:00'),
(45, 11, 10, 'Teh gelas', 47000, 50, '2026-06-13 11:55:30'),
(46, 11, 10, 'Ale Ale', 55000, -4, '2026-06-13 11:56:49'),
(47, 14, 7, 'Bawang daun', 200, 40, '2026-06-13 12:03:04'),
(48, 21, 12, 'signatrure', 28000, 15, '2026-06-13 12:08:37'),
(49, 21, 12, 'sampoerna mild', 40000, 20, '2026-06-13 12:10:26'),
(50, 21, 12, 'djarum coklat', 18000, 10, '2026-06-13 12:11:34'),
(51, 21, 12, 'marlboro filter black', 45000, 30, '2026-06-13 12:13:56'),
(52, 21, 12, 'surya 16', 39000, 20, '2026-06-13 12:14:35'),
(53, 15, 3, 'sunscreen 30+++', 35000, 100, '2026-06-13 12:17:28'),
(54, 15, 3, 'kapas ', 7000, 60, '2026-06-13 12:19:49'),
(55, 15, 4, 'micellar water', 40000, 100, '2026-06-13 12:21:16'),
(56, 10, 3, 'keju cedar', 20000, 30, '2026-06-13 12:21:49'),
(57, 10, 3, 'keju mozarela', 40000, 20, '2026-06-13 12:22:51'),
(58, 10, 3, 'sosis kanzler', 30000, 60, '2026-06-13 12:24:37'),
(59, 21, 12, 'Magnum Filter', 24000, 5, '2026-06-13 12:29:12'),
(60, 10, 3, 'tic tac', 5000, 50, '2026-06-13 12:29:44'),
(61, 10, 3, 'tos tos', 10000, 40, '2026-06-13 12:30:23'),
(62, 14, 3, 'totole', 20000, 60, '2026-06-13 12:31:33'),
(63, 10, 3, 'Astor', 2000, 38, '2026-06-13 12:32:35'),
(64, 14, 7, 'tomat', 1000, 1000, '2026-06-13 12:32:55'),
(65, 10, 4, 'oliv oil', 50000, 40, '2026-06-13 12:34:05'),
(66, 10, 7, 'dada filet', 10000, 30, '2026-06-13 12:35:26'),
(67, 10, 3, 'nutrijel ', 3000, 89, '2026-06-13 12:38:25'),
(68, 23, 12, 'LA ice purple', 38000, 40, '2026-06-13 12:40:29'),
(69, 23, 12, 'LA ice purple maggo', 38000, 40, '2026-06-13 12:41:08'),
(70, 23, 12, 'Camel banana 12', 20000, 16, '2026-06-13 12:42:26'),
(71, 25, 3, 'nugget ayam', 20000, 45, '2026-06-13 12:42:32'),
(72, 25, 3, 'bakso ikan ', 20000, 41, '2026-06-13 12:43:16'),
(73, 21, 12, 'sampoerna kretek', 19000, 30, '2026-06-13 12:45:16'),
(74, 25, 3, 'dumpling', 20000, 34, '2026-06-13 12:45:28'),
(75, 25, 3, 'bakso sapi', 30000, 45, '2026-06-13 12:47:33'),
(76, 20, 7, 'Rinso Anti Noda 770 gr', 23000, 60, '2026-06-13 12:48:05'),
(77, 20, 7, 'boom', 20000, 50, '2026-06-13 12:48:46'),
(78, 20, 11, 'Sabun Ekonomi', 4000, 120, '2026-06-13 12:50:24'),
(79, 11, 8, 'Millo', 22000, 130, '2026-06-13 12:52:04'),
(80, 11, 8, 'Dancow', 40000, 200, '2026-06-13 12:53:07'),
(81, 26, 5, 'beras 1KG', 15000, 67, '2026-06-13 12:54:04'),
(82, 17, 3, 'Oreo bolu', 2500, 240, '2026-06-13 12:54:34'),
(83, 26, 5, 'beras makyus 5KG', 104000, 45, '2026-06-13 13:00:00'),
(84, 26, 6, 'minyak 1L', 20000, 80, '2026-06-13 13:03:49'),
(85, 26, 6, 'minyak 2L', 40000, 77, '2026-06-13 13:04:56'),
(86, 25, 3, 'Cikua', 20000, 41, '2026-06-13 13:07:20'),
(87, 19, 3, 'deodorant', 17000, 50, '2026-06-13 13:08:53'),
(88, 27, 5, 'Tali Rapia', 15000, 50, '2026-06-13 13:12:50'),
(89, 27, 10, 'Lakban Coklat', 8000, 30, '2026-06-13 13:14:56'),
(90, 23, 12, 'Esse Change Grape', 40000, 20, '2026-06-13 13:15:54'),
(91, 27, 5, 'Karet Gelang Kuning', 22000, 20, '2026-06-13 13:16:14'),
(92, 23, 12, 'Esse Change Juice', 42000, 30, '2026-06-13 13:16:29'),
(93, 31, 3, 'mentega bluband', 5000, 59, '2026-06-13 13:17:26'),
(94, 27, 12, 'Keresek Hitam', 15000, 25, '2026-06-13 13:18:23'),
(95, 26, 5, 'tepung terigu', 11000, 50, '2026-06-13 13:19:08'),
(96, 28, 3, 'Lampu Plafon', 5000, 100, '2026-06-13 13:19:09'),
(97, 26, 5, 'Gulaku ', 20000, 30, '2026-06-13 13:19:28'),
(98, 28, 3, 'Colokan T', 22000, 50, '2026-06-13 13:19:51'),
(99, 31, 7, 'keju bola', 20000, 45, '2026-06-13 13:21:09'),
(100, 28, 3, 'Batu Batre ABC', 2000, 28, '2026-06-13 13:21:28'),
(101, 28, 3, 'Stopkontak lubang 4', 30000, 20, '2026-06-13 13:21:48'),
(102, 31, 3, 'coklat bubuk', 20000, 45, '2026-06-13 13:22:31'),
(103, 31, 3, 'baking powder', 12000, 59, '2026-06-13 13:23:16'),
(104, 28, 10, 'Solatip Kabel Hitam', 5000, 10, '2026-06-13 13:23:39'),
(105, 10, 3, 'kornet sapi', 25000, 76, '2026-06-13 13:24:40'),
(106, 28, 14, 'Kabel Serabut', 350000, 30, '2026-06-13 13:25:19'),
(107, 11, 3, 'teh celup', 13000, 34, '2026-06-13 13:25:45'),
(108, 29, 3, 'Sapu Ijuk', 17000, 50, '2026-06-13 13:26:17'),
(109, 11, 3, 'buahvita', 12000, 77, '2026-06-13 13:26:21'),
(110, 10, 3, 'Pop mie goreng', 6000, 26, '2026-06-13 13:26:38'),
(111, 10, 3, 'coklat ', 18000, 45, '2026-06-13 13:27:00'),
(112, 29, 3, 'Spons Cuci piring', 2500, 50, '2026-06-13 13:27:59'),
(113, 11, 3, 'Nestcaffe Ice black', 11000, 30, '2026-06-13 13:28:01'),
(114, 10, 3, 'popcron', 12000, 33, '2026-06-13 13:28:02'),
(115, 29, 3, 'Kain Lap Mikrofiber', 8000, 100, '2026-06-13 13:29:02'),
(116, 11, 3, 'Nestcaffe mocachino', 8000, 50, '2026-06-13 13:29:26'),
(117, 30, 10, 'Paku Payung', 16000, 30, '2026-06-13 13:29:33'),
(118, 30, 10, 'kawat Ikat', 19000, 30, '2026-06-13 13:30:25'),
(119, 30, 3, 'Meteran Gulung', 18000, 20, '2026-06-13 13:31:12'),
(120, 10, 3, 'Pop mie ayam bawang', 6000, 25, '2026-06-13 13:31:30'),
(121, 30, 6, 'Thinner', 20000, 50, '2026-06-13 13:31:52'),
(122, 17, 3, 'permen fox', 500, 200, '2026-06-13 13:33:37'),
(123, 29, 3, 'Sapu lidi', 10000, 40, '2026-06-13 13:33:38'),
(124, 29, 3, 'Pengki Plastik', 8500, 50, '2026-06-13 13:34:21'),
(125, 10, 12, 'Roti tawar', 8000, 40, '2026-06-13 13:34:50'),
(126, 29, 3, 'Sikat WC', 14000, 30, '2026-06-13 13:35:09'),
(127, 29, 3, 'Keset', 15000, 80, '2026-06-13 13:35:48'),
(128, 30, 3, 'Gergaji Besi', 14000, 30, '2026-06-13 13:36:28'),
(129, 10, 12, 'Kerupuk udang kemasan', 10000, 30, '2026-06-13 13:37:25'),
(130, 30, 3, 'Cutter Besar', 4500, 100, '2026-06-13 13:39:11'),
(131, 30, 12, 'Isi Cutter', 6000, 40, '2026-06-13 13:40:44'),
(132, 30, 3, 'Gembok', 16000, 30, '2026-06-13 13:41:36'),
(133, 30, 10, 'Lem Korea', 8000, 40, '2026-06-13 13:42:38'),
(134, 29, 3, 'Pasta gigi', 7000, 6000, '2026-06-13 13:43:29'),
(135, 29, 3, 'Sikat Gigi', 5000, 40, '2026-06-13 13:44:11'),
(136, 16, 3, 'Haslin Seger Snow', 5000, 30, '2026-06-13 13:44:15'),
(137, 17, 12, 'Sosis Sonice ayam', 30000, 20, '2026-06-13 13:47:14'),
(138, 17, 12, 'Sosis Sonice sapi', 30000, 30, '2026-06-13 13:48:04'),
(139, 11, 8, 'Energen Vanilla', 22000, 15, '2026-06-13 13:49:12'),
(140, 11, 8, 'Energen Coklat', 22000, 30, '2026-06-13 13:50:15'),
(141, 14, 5, 'Cabai Kriting Merah', 55000, 10, '2026-06-13 13:58:12'),
(142, 14, 5, 'Cabai Rawit', 65000, 8, '2026-06-13 13:58:55'),
(143, 17, 12, 'Roma Kelapa', 8500, 50, '2026-06-13 14:03:02'),
(144, 20, 3, 'Molto', 2000, 25, '2026-06-13 14:04:30'),
(145, 17, 3, 'Chittato Lite', 3000, 60, '2026-06-13 14:05:34'),
(146, 17, 3, 'Chittato BBQ', 3000, 70, '2026-06-13 14:06:04'),
(147, 17, 3, 'Happytos', 9000, 40, '2026-06-13 14:06:59'),
(148, 17, 3, 'Japota Rumput Laut', 8000, 80, '2026-06-13 14:07:33'),
(149, 17, 3, 'Coklat SilverQueen Chrispy', 23000, 56, '2026-06-13 14:10:06'),
(150, 17, 3, 'Coklat Dairymilk', 15000, 50, '2026-06-13 14:11:42'),
(151, 17, 12, 'Gerry Salut Coklat', 15000, 60, '2026-06-13 14:32:48'),
(152, 32, 3, 'Kaus Polos Katun Combed 30s', 28000, 500, '2026-06-14 12:14:21'),
(153, 32, 3, 'Kemeja Flanel Kasual Kotak', 145000, 100, '2026-06-14 12:14:44'),
(154, 32, 3, 'Celana Chino Panjang Stretch', 85000, 146, '2026-06-14 12:15:05'),
(155, 32, 3, 'Jaket Hoodie Fleece Polos', 185000, 120, '2026-06-14 12:15:38'),
(156, 32, 3, 'Celana Pendek Cargo Katun', 95000, 200, '2026-06-14 12:16:00'),
(157, 32, 10, 'Kaus Kaki Semata Kaki Serat Bambu', 30000, 500, '2026-06-14 12:16:43'),
(158, 32, 10, 'Pakaian Dalam Pria Boxer', 88000, 50, '2026-06-14 12:17:08'),
(159, 32, 3, 'Kaus Manset Olahraga Dry-Fit', 230000, 150, '2026-06-14 12:17:35'),
(160, 32, 3, 'Sweater Rajut Kasual Wanita', 99000, 100, '2026-06-14 12:17:59'),
(161, 32, 3, 'Celana Kulot Linen Wanita', 85000, 120, '2026-06-14 12:18:23'),
(162, 32, 3, 'Jaket Parka Anti Angin (Windbreaker)', 110000, 80, '2026-06-14 12:19:03'),
(163, 32, 12, 'Kemeja Kerja Serat Bambu Polos Pakaian', 90000, 100, '2026-06-14 12:19:30'),
(164, 33, 3, 'Kaus Grafis Anak Katun Premium', 180000, 300, '2026-06-14 12:21:28'),
(165, 33, 3, 'Setelan Baju Tidur Anak Piyama', 250000, 200, '2026-06-14 12:24:33'),
(166, 33, 3, 'Celana Legging Anak Polos', 120000, 150, '2026-06-14 12:25:00'),
(167, 33, 3, 'Jaket Anak Hoodie Karakter', 130000, 100, '2026-06-14 12:27:42'),
(168, 34, 3, 'Hijab Segi Empat Voal Premium Muslim', 150000, 500, '2026-06-14 12:29:49'),
(169, 34, 3, 'Gamis Wanita Rayon Diamond', 850000, 80, '2026-06-14 12:30:56'),
(170, 34, 3, 'Baju Koko Pria Katun Madinah', 950000, 120, '2026-06-14 12:31:51'),
(171, 32, 3, 'Celana Sirwal Kasual Pria', 400000, 100, '2026-06-14 12:33:08'),
(172, 35, 10, 'Buku Tulis Kwarto 38 Lembar', 30000, 30, '2026-06-14 12:36:42'),
(173, 35, 12, 'Buku Tulis Box Isi 10', 28000, 50, '2026-06-14 12:37:05'),
(174, 35, 10, 'Pulpen Gel Hitam 0.5mm', 3500, 60, '2026-06-14 12:37:33'),
(175, 35, 10, 'Pensil 2B Standar Ujian', 1500, 40, '2026-06-14 12:37:59'),
(176, 35, 10, 'Penghapus Karet Putih Kecil', 500, 50, '2026-06-14 12:39:15'),
(177, 35, 3, 'Rautan Pensil Putar Mini', 6000, 100, '2026-06-14 12:49:08'),
(178, 35, 12, 'Penggaris Plastik 30cm', 4000, 50, '2026-06-14 12:49:30'),
(179, 35, 10, 'Tipe-X Kertas', 35000, 40, '2026-06-14 12:50:04'),
(180, 35, 15, 'Kertas HVS A4 80 Gsm', 42000, 100, '2026-06-14 12:50:55'),
(181, 35, 15, 'Kertas HVS F4 70 Gsm', 45000, 100, '2026-06-14 12:51:21'),
(182, 35, 12, 'Stopmap Folio Kertas Isi 50', 35000, 55, '2026-06-14 12:51:53'),
(183, 35, 10, 'Amplop Putih Polos No 90', 16000, 42, '2026-06-14 12:52:16'),
(184, 35, 3, 'Gunting Kantor Sedang', 400, 100, '2026-06-14 12:52:48'),
(185, 35, 10, 'Double Tape 1 Inch', 4000, 50, '2026-06-14 12:53:15'),
(186, 35, 10, 'Isi Staples No 10', 15000, 100, '2026-06-14 12:53:45'),
(187, 29, 3, 'Korek Gas Tokai', 3000, 40, '2026-06-14 12:59:31'),
(188, 29, 3, 'Korek Gas Cricket', 7000, 60, '2026-06-14 13:01:05'),
(189, 21, 12, 'LA bold', 30000, 40, '2026-06-15 12:15:51'),
(190, 17, 3, 'Qtela BBQ', 18000, 60, '2026-06-15 12:21:49'),
(191, 17, 3, 'Biskuat', 2000, 100, '2026-06-15 12:22:42'),
(192, 11, 4, 'Milkuat', 5000, 60, '2026-06-15 12:23:21'),
(193, 21, 12, '76 Apel', 16000, 66, '2026-06-15 12:25:06'),
(194, 21, 12, '76 Mangga', 16000, 52, '2026-06-15 12:25:45'),
(195, 21, 12, '76 Nanas', 16000, 42, '2026-06-15 12:26:50'),
(196, 11, 8, 'Luwak White Coffe', 19000, 40, '2026-06-15 12:28:33'),
(197, 11, 4, 'Cimorry Leci', 11000, 70, '2026-06-15 12:34:53'),
(198, 11, 4, 'Cimorry Fruity', 11000, 70, '2026-06-15 12:35:58'),
(199, 11, 12, 'Extrajoss ', 20000, 30, '2026-06-15 12:36:38'),
(200, 11, 12, 'Kukubima Energy', 18000, 20, '2026-06-15 12:37:23'),
(201, 25, 4, 'Sarden ABC', 24000, 22, '2026-06-15 12:38:50'),
(202, 17, 3, 'Sari Roti Coklat', 5000, 45, '2026-06-15 12:40:09'),
(203, 17, 3, 'Nextar Coklat', 2000, 55, '2026-06-15 12:44:37'),
(204, 17, 3, 'chitato 68g', 14000, 100, '2026-06-15 12:45:31'),
(205, 11, 4, 'Adem Sari ', 6000, 57, '2026-06-15 12:45:54'),
(206, 17, 3, 'Roma kelapa', 7000, 100, '2026-06-15 12:46:34'),
(207, 11, 4, 'Larutan Cap Kaki Tiga', 5000, 42, '2026-06-15 12:47:05'),
(208, 11, 4, 'coca-cola 1L', 10000, 77, '2026-06-15 12:49:29'),
(209, 11, 4, 'Indomilk', 7000, 89, '2026-06-15 12:51:02'),
(210, 11, 4, 'fanta 390 ml', 7000, 78, '2026-06-15 12:51:50'),
(211, 17, 15, 'SilverQueen Mini', 40000, 10, '2026-06-15 12:52:15'),
(212, 17, 3, 'beng-beng', 3500, 56, '2026-06-15 12:52:35'),
(213, 17, 3, 'better sandwich', 7000, 80, '2026-06-15 12:53:50'),
(214, 31, 3, 'Gula Palm 250 g', 12000, 90, '2026-06-15 12:55:38'),
(215, 31, 4, 'Pasta Cokelat', 15000, 67, '2026-06-15 12:56:12'),
(216, 31, 3, 'Mentega Wijsman 200 g', 45000, 78, '2026-06-15 12:56:58'),
(217, 31, 3, 'Kismis 100 g', 15000, 90, '2026-06-15 12:57:31'),
(218, 31, 3, 'SP Cake Emulsifier 100 g', 10000, 66, '2026-06-15 12:58:12'),
(219, 31, 4, 'Pasta Pandan', 12000, 45, '2026-06-15 12:58:51'),
(220, 31, 11, 'Vanili Bubuk', 2000, 90, '2026-06-15 13:00:01'),
(221, 31, 4, 'Soda Kue 45 g', 5000, 34, '2026-06-15 13:00:36'),
(222, 17, 12, 'Marie Regal', 9000, 58, '2026-06-15 13:01:37'),
(223, 14, 4, 'Kunyit Bubuk 25 g', 7000, 50, '2026-06-15 13:06:02'),
(224, 14, 4, 'Jahe Bubuk 25 g', 8000, 89, '2026-06-15 13:06:31'),
(225, 14, 4, 'Lengkuas Bubuk 25 g', 8000, 78, '2026-06-15 13:07:03'),
(226, 14, 4, 'Cabai Bubuk 25 g', 10000, 67, '2026-06-15 13:07:43'),
(227, 14, 3, 'Saus Barbeque 250 ml', 30000, 55, '2026-06-15 13:08:43'),
(228, 14, 12, 'Atom Bulan', 10000, 20, '2026-06-15 13:08:50'),
(229, 14, 4, 'Minyak Wijen 150 ml', 35000, 35, '2026-06-15 13:09:25'),
(230, 11, 4, 'Amunizer', 8000, 40, '2026-06-15 13:12:24'),
(231, 10, 16, 'Sarden Kaleng Kecil', 15000, 45, '2026-06-15 13:12:36'),
(232, 10, 16, 'Jamur Kaleng', 30000, 46, '2026-06-15 13:13:14'),
(233, 14, 3, 'Sup Krim Instan', 15000, 67, '2026-06-15 13:13:53'),
(234, 10, 3, 'Bubur Instan', 10000, 67, '2026-06-15 13:14:49'),
(235, 17, 3, 'yuppy stars', 500, 130, '2026-06-15 13:16:10'),
(236, 10, 3, 'Kacang Hijau 500 g', 20000, 34, '2026-06-15 13:16:12'),
(237, 25, 3, 'Chicken Katsu 500 g', 45000, 56, '2026-06-15 13:19:14'),
(238, 25, 3, 'Chicken Karaage 500 g', 48000, 34, '2026-06-15 13:19:43'),
(239, 25, 3, 'Cireng Frozen 500 g', 20000, 67, '2026-06-15 13:20:13'),
(240, 25, 3, 'Siomay Frozen 500 g', 30000, 45, '2026-06-15 13:20:44'),
(241, 25, 3, 'Donat Frozen 500 g', 30000, 56, '2026-06-15 13:21:21'),
(242, 25, 12, 'Roti Maryam Frozen isi10 pcs', 35000, 55, '2026-06-15 13:22:15'),
(243, 14, 4, 'Saus Tomat', 14000, 30, '2026-06-15 13:22:16'),
(244, 14, 4, 'Mayones', 15000, 30, '2026-06-15 13:24:48'),
(245, 11, 16, 'Susu Beruang Bearbland', 8000, 30, '2026-06-15 13:26:32'),
(249, 17, 12, 'Hello Panda', 10000, 30, '2026-06-15 13:27:59'),
(250, 11, 4, 'Heavenly Blush Yogurt Drink Original', 10000, 56, '2026-06-15 13:30:52'),
(251, 17, 3, 'Doritozz', 9000, 30, '2026-06-15 13:31:06'),
(252, 11, 4, 'Heavenly Blush Yogurt Drink Strawberry', 10000, 34, '2026-06-15 13:31:36'),
(253, 11, 4, 'Heavenly Blush Tummy Yogurt', 12000, 56, '2026-06-15 13:32:06'),
(254, 17, 3, 'Sukro Oven', 8000, 70, '2026-06-15 13:32:20'),
(255, 11, 4, 'Greenfields Yogurt Strawberry', 12000, 34, '2026-06-15 13:32:57'),
(256, 17, 3, 'Permen Mentos', 5000, 100, '2026-06-15 13:33:53'),
(257, 17, 3, 'Permen Super Zuper', 500, 140, '2026-06-15 13:35:27'),
(258, 19, 3, 'Sabun Muka Barber Dailly', 40000, 20, '2026-06-15 13:37:01'),
(259, 17, 3, 'Jelly Vita Lychee isi 5', 5000, 50, '2026-06-15 13:37:33'),
(260, 10, 3, 'Jelly Vita Peach', 5000, 34, '2026-06-15 13:38:38'),
(261, 10, 10, 'Sarimie', 150000, 30, '2026-06-15 13:39:34'),
(262, 10, 10, 'Mie Gaga 100', 170000, 25, '2026-06-15 13:41:22'),
(263, 15, 3, 'Wardah UV Shield Sunscreen', 35000, 56, '2026-06-15 13:42:00'),
(264, 10, 10, 'Mie Tek Tek ', 90000, 20, '2026-06-15 13:42:17'),
(265, 15, 3, 'Emina Sun Protection SPF 30', 30000, 45, '2026-06-15 13:42:26'),
(266, 17, 3, 'Kanzler Singles', 7250, 3, '2026-06-15 13:42:34'),
(267, 10, 10, 'Bihunku', 100000, 20, '2026-06-15 13:43:13'),
(268, 15, 4, 'Marina Hand &amp; Body Lotion', 15000, 56, '2026-06-15 13:43:15'),
(269, 15, 4, 'Vaseline Healthy Bright Lotion', 30000, 45, '2026-06-15 13:43:48'),
(270, 17, 3, 'Taro Net', 16000, 47, '2026-06-15 13:43:57'),
(271, 15, 4, 'Ponds Micellar Water', 28000, 67, '2026-06-15 13:44:14'),
(272, 15, 4, 'Garnier Micellar Water', 35000, 67, '2026-06-15 13:44:46'),
(273, 15, 4, 'Wardah Lightening Toner', 25000, 55, '2026-06-15 13:45:21'),
(274, 15, 4, 'Emina Bright Stuff Toner', 25000, 78, '2026-06-15 13:45:51'),
(275, 15, 4, 'Viva Face Tonic', 10000, 67, '2026-06-15 13:46:42'),
(276, 11, 4, 'Sirup Marjan ', 20000, 30, '2026-06-15 13:46:45'),
(277, 15, 3, 'Wardah Colorfit Lip Balm', 30000, 45, '2026-06-15 13:47:10'),
(278, 11, 4, 'Sirup ABC', 18000, 20, '2026-06-15 13:47:24'),
(279, 16, 3, 'Emina Creamatte Lip Cream', 45000, 56, '2026-06-15 13:47:50'),
(280, 16, 3, 'Emina Creamatte Lip Cream', 45000, 45, '2026-06-15 13:48:43'),
(281, 11, 4, 'Nipis Madu', 5000, 30, '2026-06-15 13:49:07'),
(282, 16, 3, 'Maybelline Sensational Liquid Matte', 65000, 67, '2026-06-15 13:49:14'),
(283, 16, 3, 'Pixy Lip Cream', 40000, 55, '2026-06-15 13:49:50'),
(284, 11, 4, 'Vitamin C-1000', 8000, 30, '2026-06-15 13:50:28'),
(285, 16, 3, 'Wardah Colorfit Velvet Powder', 35000, 76, '2026-06-15 13:51:32'),
(286, 16, 3, 'Emina Bare With Me Mineral Loose Powder', 4000, 56, '2026-06-15 13:52:27'),
(287, 16, 3, 'Maybelline Fit Me Powder', 70000, 84, '2026-06-15 13:52:58'),
(288, 11, 8, 'Kopi Tora caffe', 19000, 40, '2026-06-15 13:53:06'),
(289, 16, 3, 'Wardah Everyday BB Cream', 35000, 56, '2026-06-15 13:53:32'),
(290, 16, 3, 'Emina Beauty Bliss BB Cream', 38000, 78, '2026-06-15 13:54:21'),
(291, 14, 8, 'Terasi Udang ABC', 15000, 60, '2026-06-15 13:54:57'),
(292, 16, 4, 'Maybelline Fit Me Foundation', 120000, 70, '2026-06-15 13:55:01'),
(293, 16, 3, 'Wardah EyeXpert Eyeliner', 45000, 67, '2026-06-15 13:55:46'),
(294, 16, 3, 'Pixy Eyeliner Pen', 40000, 67, '2026-06-15 13:56:13'),
(295, 16, 3, 'Implora Urban Eyebrow Pencil', 15000, 56, '2026-06-15 13:56:49'),
(296, 17, 7, 'Kacang Koro', 5000, 70, '2026-06-15 13:57:00'),
(297, 16, 3, 'Viva Eyebrow Pencil', 10000, 56, '2026-06-15 13:57:52'),
(298, 17, 3, 'Nabati Waffer Keju', 2000, 60, '2026-06-15 13:58:19'),
(299, 16, 3, 'Maybelline Hypercurl Mascara', 75000, 76, '2026-06-15 13:58:38'),
(300, 17, 3, 'Nabati Waffer Coklat', 2000, 70, '2026-06-15 13:59:05'),
(301, 16, 3, 'Wardah EyeXpert Mascara', 60000, 67, '2026-06-15 13:59:09'),
(302, 17, 3, 'wafello waffer coklat', 2000, 50, '2026-06-15 14:00:32'),
(303, 16, 4, 'Wardah Colorfit Setting Spray', 55000, 67, '2026-06-15 14:00:40'),
(304, 17, 3, 'wafello vanilla', 2000, 50, '2026-06-15 14:01:59'),
(305, 10, 3, 'Wow Spageti', 3000, 40, '2026-06-15 14:04:15'),
(306, 17, 12, 'Go Photato', 17000, 40, '2026-06-15 14:05:13'),
(307, 10, 10, 'Mie Burung Dara', 120000, 30, '2026-06-15 14:06:34'),
(308, 17, 3, 'Kuaci', 23000, 40, '2026-06-15 14:07:43'),
(309, 14, 7, 'Margarin', 9000, 40, '2026-06-15 14:10:02'),
(310, 11, 4, 'Hanaang', 6000, 40, '2026-06-15 14:11:52'),
(311, 11, 4, 'NiiuMilkTea', 8000, 30, '2026-06-15 14:13:00'),
(312, 11, 16, 'Bintang Zero', 10000, 40, '2026-06-15 14:13:47'),
(313, 11, 4, 'Kratingdeng', 5000, 40, '2026-06-15 14:14:34'),
(314, 11, 4, 'Matcha Latte', 10000, 40, '2026-06-15 14:15:36'),
(315, 29, 3, 'Baygon', 20000, 80, '2026-06-15 14:19:44'),
(316, 17, 12, 'Choki Choki', 25000, 30, '2026-06-15 14:25:16'),
(317, 17, 3, 'Roma Arden', 5000, 30, '2026-06-15 14:26:58'),
(318, 14, 5, 'Tepung Terigu Segitiga', 15000, 40, '2026-06-15 14:28:40'),
(319, 14, 5, 'Tepung Tapioka', 15000, 30, '2026-06-15 14:30:23'),
(320, 14, 5, 'Tepung Ketan ', 15000, 30, '2026-06-15 14:31:43'),
(321, 14, 5, 'Tepung Roti', 15000, 20, '2026-06-15 14:32:20'),
(322, 16, 3, 'Bedak Nik Nak', 5000, 50, '2026-06-15 14:33:10'),
(323, 20, 4, 'Super Sol', 17000, 39, '2026-06-15 14:33:53'),
(324, 20, 4, 'Kispray', 23000, 50, '2026-06-15 14:34:30'),
(325, 11, 10, 'Teh Gunung', 25000, 30, '2026-06-15 16:00:54'),
(326, 11, 10, 'Teh Segar', 24000, 40, '2026-06-15 16:01:28'),
(327, 17, 3, 'Wallens Coklat ', 17000, 60, '2026-06-15 16:01:59'),
(328, 17, 16, 'Nissin Waffer', 30000, 40, '2026-06-15 16:02:41'),
(329, 19, 4, 'Makarizo Shampo', 16000, 20, '2026-06-15 16:03:41'),
(330, 15, 4, 'Makarizo Parfum', 18000, 60, '2026-06-15 16:04:42'),
(331, 19, 11, 'Makarizo Conditioner', 9000, 60, '2026-06-15 16:05:35'),
(332, 14, 6, 'Minyak Goreng Filma ', 20000, 20, '2026-06-15 16:06:40'),
(333, 14, 6, 'Minyak Goreng Filma ', 20000, 20, '2026-06-15 16:07:14'),
(334, 25, 16, 'Kornet Sapi Pronas', 30000, 70, '2026-06-15 16:07:54'),
(335, 17, 3, 'Oreo Stroberry', 9000, 50, '2026-06-15 16:08:54'),
(336, 17, 3, 'Oreo Ice cream', 9000, 70, '2026-06-15 16:09:40'),
(337, 17, 3, 'Oreo Vanilla', 9000, 70, '2026-06-15 16:10:16'),
(338, 10, 16, 'Khong guan', 50000, 60, '2026-06-15 16:11:09'),
(339, 14, 8, 'Royco kaldu Ayam', 20000, 40, '2026-06-15 16:12:18'),
(340, 14, 8, 'Masako Sapi', 18000, 50, '2026-06-15 16:13:06'),
(341, 14, 8, 'Masako Ayam', 18000, 50, '2026-06-15 16:13:44'),
(342, 10, 7, 'Oatmeal oats quaker red', 44000, 30, '2026-06-15 16:14:56'),
(343, 10, 3, 'Nugget Ayam Fiesta', 40000, 60, '2026-06-15 16:15:32'),
(344, 14, 11, 'Sun Kara Santan Kelapa', 4000, 40, '2026-06-15 16:16:22'),
(345, 31, 3, 'Ceress', 13000, 39, '2026-06-15 16:17:16'),
(346, 31, 16, 'Selai Coklat', 20000, 60, '2026-06-15 16:18:21'),
(347, 31, 16, 'Selai Kacang', 30000, 60, '2026-06-15 16:19:01'),
(348, 31, 16, 'Selai Stroberry', 20000, 60, '2026-06-15 16:19:31'),
(349, 31, 16, 'Selai Blueberry', 20000, 60, '2026-06-15 16:20:01'),
(350, 31, 16, 'Selai Nanas', 20000, 60, '2026-06-15 16:20:34'),
(351, 31, 7, 'Gula Halus', 10000, 40, '2026-06-15 16:21:17'),
(352, 11, 4, 'Teh Botol Sosro', 10000, 90, '2026-06-15 16:22:00'),
(353, 11, 4, 'Ultramilk Coklat', 6000, 40, '2026-06-15 16:23:41'),
(354, 11, 4, 'Fanta Stroberry', 15000, 40, '2026-06-15 16:24:24'),
(355, 11, 4, 'Fanta Jeruk', 15000, 30, '2026-06-15 16:25:10'),
(356, 11, 4, 'Pocari Sweat', 6000, 60, '2026-06-15 16:27:19'),
(357, 11, 15, 'Indomilk Coklat', 30000, 60, '2026-06-15 16:28:07'),
(358, 11, 15, 'Indomilk Vanilla', 30000, 60, '2026-06-15 16:28:46'),
(359, 11, 11, 'Teh Celup Sariwangi', 4000, 30, '2026-06-15 16:29:33'),
(360, 11, 12, 'Hydro Coco', 8000, 20, '2026-06-15 16:30:12'),
(361, 17, 3, 'Kriss bee Pillow', 1000, 100, '2026-06-15 16:31:04'),
(362, 11, 4, 'Ichitan Thai Milktea', 7000, 60, '2026-06-15 16:32:13'),
(363, 11, 16, 'Larutan Cap Badak', 7000, 60, '2026-06-15 16:34:35'),
(364, 11, 8, 'Kopi Tubruk Gadjah', 20000, 50, '2026-06-15 16:35:34'),
(365, 11, 11, 'Susu Bendera', 2000, 40, '2026-06-15 16:36:31'),
(366, 11, 12, 'Millo UHT kotak', 8000, 60, '2026-06-15 16:37:58'),
(367, 11, 12, 'Anlene Gold', 60000, 50, '2026-06-15 16:39:21'),
(368, 20, 11, 'Mama Lemon', 6000, 30, '2026-06-15 16:40:39'),
(369, 20, 12, 'Harpic ', 13000, 40, '2026-06-15 16:41:31'),
(370, 20, 4, 'Bayclin Regular', 13000, 20, '2026-06-15 16:42:54'),
(371, 20, 3, 'Vanish ', 20000, 40, '2026-06-15 16:44:11'),
(372, 29, 12, 'Bagus Kapur Ajaib', 6000, 30, '2026-06-15 16:45:25'),
(373, 20, 11, 'Stella Gantung', 18000, 40, '2026-06-15 16:46:44'),
(374, 20, 4, 'hit mat obat nyamuk', 18000, 30, '2026-06-15 16:49:15'),
(375, 20, 12, 'swallow kamper toilet', 10000, 30, '2026-06-15 16:50:59'),
(376, 20, 4, 'mr.muscle pembersih kaca', 20000, 30, '2026-06-15 16:52:29'),
(377, 20, 4, 'mr.muscle pembersih kaca', 20000, 30, '2026-06-15 16:53:00'),
(378, 20, 14, 'tissue tessa toilet roll', 15000, 50, '2026-06-15 16:54:40'),
(379, 10, 10, 'mie sedap soto', 150000, 30, '2026-06-15 16:59:43'),
(380, 10, 10, 'mie sedap ayam bawang', 150000, 30, '2026-06-15 17:00:47'),
(381, 10, 10, 'mie sedap goreng', 160000, 20, '2026-06-15 17:01:47'),
(382, 10, 10, 'mie indomie geprek', 150000, 20, '2026-06-15 17:03:10'),
(383, 10, 10, 'indomie aceh', 150000, 30, '2026-06-15 17:04:19'),
(384, 10, 10, 'mie sedap selection ', 150000, 30, '2026-06-15 17:05:34'),
(385, 10, 10, 'mie sedap cup ayam', 200000, 30, '2026-06-15 17:06:52'),
(386, 10, 10, 'bihun jagung ', 250000, 10, '2026-06-15 17:07:50'),
(387, 10, 10, 'bihun instan doroku', 170000, 10, '2026-06-15 17:09:06'),
(388, 10, 10, 'miku mie instan cup', 180000, 10, '2026-06-15 17:11:02'),
(389, 26, 5, 'beras premium topi koki', 15000, 10, '2026-06-15 17:13:02'),
(390, 26, 5, 'beras rojo lele premium ', 15000, 10, '2026-06-15 17:14:06'),
(391, 26, 5, 'beras sania premium', 15000, 10, '2026-06-15 17:14:57'),
(392, 26, 5, 'beras merah oryza', 32000, 10, '2026-06-15 17:15:49'),
(393, 26, 6, 'minyak goreng tropical', 19000, 30, '2026-06-15 17:17:11'),
(394, 19, 6, 'minyak jaitun', 230000, 5, '2026-06-15 17:18:33'),
(395, 26, 7, 'gula batu cap gajah', 14000, 30, '2026-06-15 17:20:10'),
(396, 26, 7, 'garam dapur refina halus', 6000, 40, '2026-06-15 17:21:11'),
(397, 26, 7, 'garam laut puravita', 18000, 20, '2026-06-15 17:22:13'),
(398, 26, 5, 'tepung terigu cakra kembar', 14000, 30, '2026-06-15 17:23:21'),
(399, 26, 5, 'tepung terigu kunci biru', 13000, 20, '2026-06-15 17:24:42'),
(400, 26, 5, 'tepung maizenaaku', 30000, 10, '2026-06-15 17:26:00'),
(401, 26, 5, 'tepung beras', 19000, 20, '2026-06-15 17:26:40'),
(402, 26, 5, 'tepung sasa bunbu serbaguna', 35000, 20, '2026-06-15 17:27:37'),
(403, 26, 7, 'baking powder ', 7500, 30, '2026-06-15 17:28:58'),
(404, 26, 11, 'vanila bubuk', 4500, 40, '2026-06-15 17:29:44'),
(405, 21, 12, 'gudang garam filter', 28000, 10, '2026-06-15 17:32:30'),
(406, 23, 12, 'marlboro meltol', 45000, 5, '2026-06-15 17:33:34'),
(407, 23, 12, 'djarum black menthol', 25000, 5, '2026-06-15 17:34:29'),
(408, 23, 12, 'dji samsoe magnum blue', 29000, 5, '2026-06-15 17:35:18'),
(409, 23, 12, 'marlboro ice burst', 49000, 5, '2026-06-15 17:36:30'),
(410, 23, 12, 'esse berry pop', 28000, 30, '2026-06-15 17:37:52'),
(411, 23, 12, 'esse shuffle pop', 28000, 20, '2026-06-15 17:38:52'),
(412, 23, 12, 'camel mint', 38000, 10, '2026-06-15 17:39:52'),
(413, 23, 12, 'LA Bold Click', 38000, 10, '2026-06-15 17:41:21'),
(414, 23, 12, 'Evo Click', 34000, 10, '2026-06-15 17:42:34'),
(415, 21, 12, 'brown kopi', 20000, 10, '2026-06-15 17:43:58'),
(416, 10, 16, 'Nata De Coco', 7500, 20, '2026-06-15 17:47:10'),
(417, 14, 11, 'Pala Bubuk Organik Puravita', 8500, 20, '2026-06-15 17:49:27'),
(418, 14, 11, 'Soda Kue ', 4000, 30, '2026-06-15 17:50:27'),
(419, 14, 11, 'Pewarna Makanan ', 7000, 20, '2026-06-15 17:52:03'),
(420, 11, 4, 'Kopi Kenangan Mantan Rasa Avocatto ', 10000, 30, '2026-06-15 17:54:23'),
(421, 11, 4, 'Kopi Caffino Ice', 7000, 20, '2026-06-15 17:56:20'),
(422, 11, 4, 'Kopi Latte ', 7000, 10, '2026-06-15 17:57:38'),
(423, 11, 4, 'Excelso Real Coffee', 15000, 10, '2026-06-15 17:59:02'),
(424, 11, 4, 'Lokalate Kopi Susu ', 12000, 10, '2026-06-15 18:00:16'),
(425, 11, 4, 'monin syirup vanilla botol', 165000, 5, '2026-06-15 18:02:30'),
(426, 11, 4, 'monin syirup caramel', 165000, 7, '2026-06-15 18:03:17'),
(427, 11, 11, 'susu kambing etawa gomilku', 55000, 7, '2026-06-15 18:05:18'),
(428, 11, 15, 'neocate lcp susu formula', 460000, 6, '2026-06-15 18:06:40'),
(429, 11, 11, 'nutrisari jeruk peras', 2500, 50, '2026-06-15 18:07:39'),
(430, 11, 11, 'maccamu macca latte sachet', 29000, 40, '2026-06-15 18:09:30'),
(431, 11, 11, 'segar dingin bubuk jeruk nipis', 9000, 46, '2026-06-15 18:10:37'),
(432, 11, 11, 'nestea lemon tea bubuk', 42000, 10, '2026-06-15 18:11:33'),
(433, 11, 4, 'diamomd milk law', 21000, 20, '2026-06-15 18:12:41'),
(434, 11, 12, 'susu bubuk elmen ', 165000, 10, '2026-06-15 18:13:40'),
(435, 11, 12, 'susu bubuk milo', 85000, 20, '2026-06-15 18:14:34'),
(436, 36, 5, 'Pisang Cavendish', 25000, 30, '2026-06-15 18:28:39'),
(437, 36, 5, 'Apel Fuji ', 45000, 40, '2026-06-15 18:29:10'),
(438, 36, 5, 'Apel Washigton', 50000, 30, '2026-06-15 18:29:41'),
(439, 36, 5, 'Jeruk Mandarin', 35000, 20, '2026-06-15 18:30:22'),
(440, 36, 5, 'Anggur Hijau', 85000, 10, '2026-06-15 18:31:19'),
(441, 19, 14, 'Rexona Roll On', 10000, 40, '2026-06-15 18:32:21'),
(442, 11, 4, 'Mizone', 10000, 50, '2026-06-15 18:32:50'),
(443, 19, 3, 'Softex Daun Sirih', 15000, 70, '2026-06-15 18:33:46'),
(444, 17, 12, 'Permen Relaxa', 11000, 30, '2026-06-15 18:34:31'),
(445, 11, 11, 'Zee sachet', 3200, 60, '2026-06-15 18:35:22'),
(446, 17, 15, 'Bubur Promina', 15000, 40, '2026-06-15 18:36:17'),
(447, 14, 7, 'Mentega Wizman', 7000, 29, '2026-06-15 18:38:53'),
(448, 17, 8, 'Fogo', 9000, 90, '2026-06-15 18:41:16'),
(449, 17, 3, 'Makaroni Cikruh', 2000, 60, '2026-06-15 18:41:57'),
(450, 15, 3, 'Sabun Muka Nivea men', 50000, 40, '2026-06-15 18:43:45'),
(451, 14, 8, 'Desaku Merica Bubuk', 20000, 50, '2026-06-15 18:44:43'),
(452, 14, 8, 'Bumbu Racik Ayam Balado', 15000, 30, '2026-06-15 18:45:35'),
(453, 21, 12, 'Jazy bold', 28000, 25, '2026-06-15 18:46:54'),
(454, 12, 3, 'Batu Batre Alkaline', 4000, 60, '2026-06-15 18:47:32'),
(455, 11, 8, 'Pop Ice Permen karet', 15000, 40, '2026-06-15 18:49:13'),
(456, 11, 8, 'Pop Ice Taro', 15000, 40, '2026-06-15 18:49:44'),
(457, 11, 8, 'Pop Ice Melon', 15000, 40, '2026-06-15 18:50:22'),
(458, 17, 3, 'Permen Ting ting', 2000, 150, '2026-06-15 18:51:47'),
(459, 17, 3, 'Permen Lazery Yogurt', 500, 200, '2026-06-15 18:52:29'),
(460, 17, 3, 'Kalpa', 2000, 40, '2026-06-15 18:53:26'),
(461, 17, 3, 'Gurih bee', 2000, 70, '2026-06-15 18:54:06'),
(462, 17, 3, 'Choco chips', 1000, 90, '2026-06-15 18:55:27'),
(463, 17, 12, 'Koko crunch', 40000, 50, '2026-06-15 18:56:04'),
(464, 36, 5, 'Melon Hijau', 25000, 50, '2026-06-15 18:57:39'),
(465, 17, 3, 'Chocolatos Dark Choco', 2000, 40, '2026-06-15 18:58:47'),
(466, 17, 3, 'Mie Gelas', 2000, 20, '2026-06-15 18:59:37'),
(467, 17, 3, 'So yummy Gelas', 2000, 40, '2026-06-15 19:00:15'),
(468, 11, 4, 'Mogu Mogu', 10000, 60, '2026-06-15 19:01:01'),
(469, 11, 10, 'Oky jelly Drink', 40000, 60, '2026-06-15 19:02:57'),
(470, 11, 10, 'Olala jelly drink', 50000, 50, '2026-06-15 19:04:17'),
(471, 16, 3, 'Maybelline Hypercurl Mascara ', 47000, 74, '2026-06-16 06:02:07'),
(472, 16, 3, 'WardahEyeXpert The Volume Expert Mascara	', 89000, 60, '2026-06-16 06:04:56'),
(473, 15, 3, 'Wardah Hi-Impact Volumizer Mascara	', 72000, 89, '2026-06-16 06:05:29'),
(474, 16, 3, 'Emina Star Lash Aqua Mascara', 56000, 34, '2026-06-16 06:06:09'),
(475, 16, 3, 'Emina Squeeze Me Up Mascara	', 67000, 67, '2026-06-16 06:06:43'),
(476, 16, 3, 'Hanasui Eyedorable Mascara', 52000, 60, '2026-06-16 06:07:23'),
(477, 16, 3, 'Implora Urban Series Mascara', 26000, 45, '2026-06-16 06:08:06'),
(478, 16, 3, 'Maybelline Hypercurl Waterproof Mascara	', 130000, 30, '2026-06-16 06:09:11'),
(479, 16, 3, 'Maybelline Lash Sensational Sky High Mascara', 85000, 45, '2026-06-16 06:09:56'),
(480, 16, 3, 'Wardah Exclusive Blush On', 55000, 78, '2026-06-16 06:11:14'),
(481, 16, 3, 'Implora Cheek Blossom Blush On', 18000, 60, '2026-06-16 06:11:43'),
(482, 16, 3, 'Hanasui Next Level Bouncy Blush', 57000, 60, '2026-06-16 06:12:13'),
(483, 16, 3, 'Emina Cheeklit Pressed Blush', 40000, 34, '2026-06-16 06:12:53'),
(484, 16, 3, 'Make Over Blush On Multi Color', 110000, 45, '2026-06-16 06:13:29'),
(485, 16, 3, 'Make Over Multifix Matte Blusher', 151000, 60, '2026-06-16 06:14:09'),
(486, 16, 3, 'ESQA Blush On', 125000, 66, '2026-06-16 06:14:48'),
(487, 16, 3, 'Maybelline Fit Me Blush', 134000, 56, '2026-06-16 06:15:21'),
(488, 16, 3, 'BLP Beauty Moon Blush', 87000, 56, '2026-06-16 06:15:48'),
(489, 16, 3, 'Viva Fin Touch Blush On', 8000, 64, '2026-06-16 06:16:19'),
(490, 16, 3, 'Salsa Galaxy Blush', 18000, 68, '2026-06-16 06:16:56'),
(491, 16, 3, 'SYB Cheek Blusher', 40000, 63, '2026-06-16 06:17:25'),
(492, 16, 3, 'Moko Moko My Precious Blush On', 27000, 67, '2026-06-16 06:17:55'),
(493, 16, 3, 'Emina Cheeklit Blush Stick', 42000, 67, '2026-06-16 06:18:49'),
(494, 16, 3, 'Brasov Blush On Matte', 15000, 60, '2026-06-16 06:19:25'),
(495, 16, 3, 'SSomethinc Mademoiselle Soft Focus Powder Blush', 73000, 56, '2026-06-16 06:21:33'),
(496, 16, 3, 'Wardah EyeXpert Optimum Hi-Black Liner', 45000, 45, '2026-06-16 06:23:31'),
(497, 16, 3, 'Wardah EyeXpert Staylast Liquid Liner', 55000, 56, '2026-06-16 06:24:01'),
(498, 16, 3, 'Emina Eye Do! Pencil Eyeliner', 32000, 67, '2026-06-16 06:24:26'),
(499, 16, 3, 'Emina Eye Do! Brush Tip Liner', 48000, 67, '2026-06-16 06:24:56'),
(500, 16, 3, 'Make Over Hyperblack Superstay Liner', 95000, 30, '2026-06-16 06:25:35'),
(501, 16, 3, 'Make Over Powerstay Precision Liquid Liner', 110000, 45, '2026-06-16 06:26:10'),
(502, 16, 3, 'Hanasui Eyeliner Pen', 28000, 67, '2026-06-16 06:26:36'),
(503, 16, 3, 'Hanasui Mattedorable Eyeliner', 34000, 120, '2026-06-16 06:27:03'),
(504, 16, 3, 'Implora Eyeliner Pen', 25000, 34, '2026-06-16 06:27:31'),
(505, 16, 3, 'Implora Waterproof Eyeliner', 22000, 45, '2026-06-16 06:28:03'),
(506, 16, 3, 'Pixy Line &amp; Shadow Eyeliner', 45000, 45, '2026-06-16 06:28:38'),
(507, 16, 3, 'Pixy Line &amp; Shadow Eyeliner', 45000, 45, '2026-06-16 06:28:38'),
(508, 16, 3, 'Pixy Waterproof Eyeliner Pen', 50000, 67, '2026-06-16 06:28:55'),
(509, 16, 3, 'Viva Perfect Shape Pencil Eyeliner', 20000, 45, '2026-06-16 06:29:24'),
(510, 16, 3, 'Viva Liquid Eyeliner', 22000, 45, '2026-06-16 06:29:54'),
(511, 16, 3, 'Marina Eyeliner Pen', 25000, 56, '2026-06-16 06:30:17'),
(512, 16, 3, 'Purbasari Hi-Matte Eyeliner', 35000, 56, '2026-06-16 06:30:43'),
(513, 16, 3, 'Purbasari Waterproof Eyeliner', 40000, 34, '2026-06-16 06:31:14'),
(514, 16, 3, 'Maybelline Hyper Sharp Liner', 85000, 45, '2026-06-16 06:31:40'),
(515, 16, 3, 'Maybelline Hypersharp Extreme', 95000, 78, '2026-06-16 06:32:14'),
(516, 16, 3, 'Maybelline Tattoo Liner', 120000, 65, '2026-06-16 06:32:46'),
(517, 16, 3, 'L&#039;Oréal Paris Flash Cat Eye', 135000, 45, '2026-06-16 06:33:18'),
(518, 16, 3, 'L&#039;Oréal Paris Super Liner Black Lacquer', 140000, 56, '2026-06-16 06:33:49'),
(519, 16, 3, 'Revlon ColorStay Liquid Liner', 125000, 60, '2026-06-16 06:34:20'),
(520, 16, 3, 'Revlon ColorStay Pencil Liner', 110000, 56, '2026-06-16 06:34:50'),
(521, 16, 3, 'ESQA Precise Eyeliner', 119000, 45, '2026-06-16 06:35:35'),
(522, 16, 3, 'ESQA Waterproof Gel Eyeliner', 129000, 67, '2026-06-16 06:36:36'),
(523, 16, 3, 'Somethinc 24H Precise Eyeliner', 79000, 90, '2026-06-16 06:37:04'),
(524, 16, 3, 'Somethinc 24H Precise Eyeliner', 79000, 90, '2026-06-16 06:37:04'),
(525, 16, 3, 'Somethinc Brush Tip Eyeliner', 85000, 70, '2026-06-16 06:37:40'),
(526, 16, 3, 'BLP Beauty Eye Liner', 99000, 60, '2026-06-16 06:38:05'),
(527, 16, 3, 'Luxcrime Ultra Black Eyeliner', 89000, 78, '2026-06-16 06:38:29'),
(528, 11, 10, 'Kopi Kap jumbo', 20000, 2, '2026-06-16 06:42:24'),
(529, 11, 8, 'Chocolatos Drink', 24000, 20, '2026-06-16 06:44:11'),
(530, 11, 8, 'Hillo Avocado', 30000, 40, '2026-06-16 06:47:04'),
(531, 36, 5, 'Apel Gala', 50000, 20, '2026-06-16 06:49:36'),
(532, 36, 5, 'Mangga Harum Manis', 35000, 45, '2026-06-16 06:52:09'),
(533, 36, 5, 'Pisang Sunpride', 28000, 15, '2026-06-16 06:53:55'),
(534, 36, 5, 'Jeruk santang madu', 45000, 30, '2026-06-16 06:54:41'),
(535, 36, 5, 'Anggur hitam tanpa biji', 65000, 12, '2026-06-16 06:55:16'),
(536, 36, 5, 'Strobery lokal fresh', 25000, 8, '2026-06-16 06:55:47'),
(537, 36, 5, 'Alpukat Mentega super', 40000, 25, '2026-06-16 06:56:27'),
(538, 36, 5, 'Semangka Merah tanpa biji', 32000, 10, '2026-06-16 06:57:01'),
(539, 36, 5, 'Kiwi green ', 38000, 14, '2026-06-16 06:57:50'),
(540, 36, 5, 'Lengkeng bangkok super', 42000, 18, '2026-06-16 06:58:25'),
(541, 10, 3, 'Roti Tawar Kupas Sari roti', 16000, 12, '2026-06-16 07:00:00'),
(542, 19, 3, 'Pepsodent Mint', 15000, 75, '2026-06-16 07:02:17'),
(543, 19, 6, 'Pantene Shampo ', 46000, 24, '2026-06-16 07:03:55'),
(544, 19, 6, 'Nivea Body lotion serum', 34000, 40, '2026-06-16 07:04:43'),
(545, 20, 8, 'Downy Mystique', 31000, 10, '2026-06-16 07:05:54'),
(546, 36, 5, 'Buah Naga merah', 30000, 18, '2026-06-16 07:07:11'),
(547, 36, 5, 'Melon Green hydroponic', 38000, 12, '2026-06-16 07:07:52'),
(548, 36, 5, 'Lemon Impor', 40000, 25, '2026-06-16 07:08:30'),
(549, 36, 5, 'Pir Century Super', 28000, 30, '2026-06-16 07:09:19'),
(550, 36, 5, 'Jambu kristal tanpa biji', 22000, 40, '2026-06-16 07:10:34'),
(551, 36, 5, 'pepaya california', 18000, 10, '2026-06-16 07:12:00'),
(552, 36, 5, 'Sirsak Super manis', 20000, 1, '2026-06-16 07:13:22'),
(553, 36, 7, 'Durian montong kupas', 85000, 3, '2026-06-16 07:14:10'),
(554, 36, 5, 'Nanas madu pemalang', 20000, 20, '2026-06-16 07:15:03'),
(555, 36, 5, 'Blueberry fresh', 45000, 17, '2026-06-16 07:15:58'),
(556, 17, 3, 'Kusuka Keripik Singkong', 16500, 90, '2026-06-16 07:16:57'),
(557, 17, 3, 'Qtela Tempe', 9000, 30, '2026-06-16 07:17:34'),
(558, 17, 3, 'Piatos Sapi panggang', 10000, 40, '2026-06-16 07:18:20'),
(559, 17, 3, 'Beng beng shareit', 14000, 20, '2026-06-16 07:19:02'),
(560, 17, 3, 'roma biskuit coklat', 9000, 13, '2026-06-16 07:21:20'),
(561, 17, 12, 'Popcorn oishi caramel', 12000, 50, '2026-06-16 07:22:18'),
(562, 17, 3, 'Fitbar Chocolate', 6000, 70, '2026-06-16 07:23:05'),
(563, 11, 8, 'Good day Freeze', 13000, 50, '2026-06-16 07:23:52'),
(564, 11, 4, 'Teh Pucuk Lastsugar', 6000, 60, '2026-06-16 07:24:43'),
(565, 11, 4, 'Sprite Lemon', 6000, 20, '2026-06-16 07:27:45'),
(566, 11, 4, 'Nu Green Tea Honey', 6000, 10, '2026-06-16 07:29:05'),
(567, 26, 5, 'Telor Ayam Negeri', 78000, 27, '2026-06-16 07:30:33'),
(568, 35, 12, 'Buku Tulis Sinar Dunia', 38000, 20, '2026-06-16 07:32:21'),
(569, 35, 12, 'pulpen pilot balliner black', 12500, 120, '2026-06-16 07:33:48'),
(570, 35, 12, 'pensil faber castell', 60000, 150, '2026-06-16 07:35:18'),
(571, 35, 12, 'penghapus kenko large', 50000, 20, '2026-06-16 07:36:34'),
(572, 35, 12, 'Binder Note Bambi', 35000, 10, '2026-06-16 07:37:41'),
(573, 12, 10, 'Kulkas Polytron', 1550000, 3, '2026-06-16 07:39:38'),
(574, 12, 10, 'Televisi Panasonic', 1000000, 5, '2026-06-16 07:40:34'),
(575, 12, 10, 'Xiaomi Powerbank', 189000, 10, '2026-06-16 07:42:27'),
(576, 12, 10, 'Mouse Wireless Logotech', 125000, 15, '2026-06-16 07:44:07'),
(577, 12, 10, 'Keyboard Logitech', 140000, 18, '2026-06-16 07:45:26'),
(578, 12, 10, 'Earphone JBL', 115000, 35, '2026-06-16 07:46:28'),
(579, 12, 3, 'kabel Data Type C', 85000, 50, '2026-06-16 07:47:27'),
(580, 12, 10, 'Speaker Bluetooth', 135000, 23, '2026-06-16 07:48:34'),
(581, 12, 3, 'Charger Adaptor Samsung 25w', 249000, 15, '2026-06-16 07:50:35'),
(582, 37, 17, 'Paracetamol', 4000, 50, '2026-06-16 07:57:36'),
(583, 37, 17, 'Amoxillin', 8000, 60, '2026-06-16 07:58:47'),
(584, 37, 17, 'Biogesic tablet', 11000, 100, '2026-06-16 07:59:41'),
(585, 37, 17, 'Bodrex ', 3500, 1, '2026-06-16 08:00:51'),
(586, 37, 17, 'Mixagrip Flu', 4000, 70, '2026-06-16 08:01:39'),
(587, 37, 17, 'Mixagrip Flu Batuk', 4000, 70, '2026-06-16 08:02:09'),
(588, 37, 4, 'Laserin ', 12000, 40, '2026-06-16 08:02:50'),
(589, 37, 4, 'Laserin Anak', 12000, 40, '2026-06-16 08:03:29'),
(590, 37, 17, 'Diapet', 5000, 60, '2026-06-16 08:04:04'),
(591, 37, 17, 'Entrostop', 8500, 40, '2026-06-16 08:06:11'),
(592, 37, 17, 'Entrostop anak', 8000, 40, '2026-06-16 08:06:48'),
(593, 37, 17, 'Sanmol Tablet', 5000, 2, '2026-06-16 08:09:18'),
(594, 37, 17, 'Neozep forte', 4000, 10, '2026-06-16 08:10:24'),
(595, 37, 17, 'Procol', 4000, 30, '2026-06-16 08:11:11'),
(596, 37, 17, 'Bodrexin', 4000, 30, '2026-06-16 08:12:09'),
(597, 37, 17, 'Pro maag', 6000, 30, '2026-06-16 08:13:03'),
(598, 37, 15, 'Pro maag waisan', 9000, 40, '2026-06-16 08:14:01'),
(599, 16, 15, 'Saripohatji', 3000, 50, '2026-06-16 08:17:38'),
(600, 17, 3, 'Kacang 2 kelinci ', 30000, 15, '2026-06-16 08:18:17'),
(601, 17, 3, 'Kacang Garuda atom', 11000, 30, '2026-06-16 08:19:04'),
(602, 17, 3, 'Slai Olai Stroberry', 8500, 60, '2026-06-16 08:20:11'),
(603, 17, 3, 'Slai Olai Nanas', 8500, 40, '2026-06-16 08:20:56'),
(604, 17, 3, 'Slai Olai Bluberry', 8500, 40, '2026-06-16 08:21:49'),
(605, 11, 4, 'red Bull Gold', 15000, 20, '2026-06-16 08:23:20'),
(606, 10, 11, 'Boncabe sambal tapur', 7000, 20, '2026-06-16 08:24:21'),
(607, 37, 11, 'Oralit Garam Hidrasi', 1500, 200, '2026-06-16 08:25:52'),
(608, 37, 17, 'Sangobion Kapsul Penambah Darah', 21000, 50, '2026-06-16 08:27:06'),
(609, 37, 11, 'Tolak Angin Anak', 4000, 49, '2026-06-16 08:28:39'),
(610, 37, 17, 'Antimo anak', 3500, 56, '2026-06-16 08:29:44'),
(611, 37, 11, 'Komix Herbal', 3000, 55, '2026-06-16 08:30:50'),
(612, 37, 4, 'Vicks Formula 44', 22000, 20, '2026-06-16 08:32:36'),
(613, 37, 17, 'Decolgen FX Tablet', 4500, 30, '2026-06-16 08:33:48'),
(614, 37, 11, 'Tolak Angin Dewasa', 3000, 60, '2026-06-16 08:35:09');

-- --------------------------------------------------------

--
-- Table structure for table `detail_transaksi`
--

CREATE TABLE `detail_transaksi` (
  `id_detail` int NOT NULL,
  `id_transaksi` int NOT NULL,
  `id_barang` int NOT NULL,
  `qty` int NOT NULL,
  `harga` int NOT NULL,
  `subtotal` int NOT NULL,
  `kode_transaksi` varchar(10) CHARACTER SET utf8mb4 COLLATE utf8mb4_general_ci NOT NULL
) ENGINE=InnoDB DEFAULT CHARSET=utf8mb4 COLLATE=utf8mb4_general_ci;

--
-- Dumping data for table `detail_transaksi`
--

INSERT INTO `detail_transaksi` (`id_detail`, `id_transaksi`, `id_barang`, `qty`, `harga`, `subtotal`, `kode_transaksi`) VALUES
(2, 56, 9, 5, 5000, 25000, '9034'),
(3, 57, 9, 3, 5000, 15000, '7122'),
(4, 58, 9, 3, 5000, 15000, '6938'),
(5, 59, 9, 1, 5000, 5000, '5182'),
(6, 60, 9, 1, 5000, 5000, '5864'),
(7, 61, 9, 1, 5000, 5000, '8319'),
(13, 67, 9, 1, 5000, 5000, '6067'),
(15, 69, 9, 1, 5000, 5000, '9068'),
(16, 70, 9, 1, 5000, 5000, '6675'),
(17, 71, 9, 1, 5000, 5000, '9009'),
(25, 79, 10, 1, 10000, 10000, '8701'),
(26, 80, 12, 1, 4000, 4000, '9649'),
(27, 81, 12, 1, 4000, 4000, '5401'),
(28, 82, 21, 1, 25000, 25000, '9879'),
(29, 82, 22, 1, 1000, 1000, '9879'),
(30, 82, 19, 1, 3500, 3500, '9879'),
(31, 82, 18, 1, 1000, 1000, '9879'),
(32, 82, 11, 1, 7000, 7000, '9879'),
(33, 82, 16, 1, 500, 500, '9879'),
(34, 82, 17, 1, 500, 500, '9879'),
(36, 83, 15, 1, 30000, 30000, '6391'),
(37, 84, 15, 2, 30000, 60000, '2803'),
(38, 84, 21, 1, 25000, 25000, '2803'),
(39, 85, 10, 1, 10000, 10000, '6045'),
(40, 85, 21, 4, 25000, 100000, '6045'),
(54, 92, 100, 2, 2000, 4000, '8275'),
(55, 92, 193, 1, 16000, 16000, '8275'),
(56, 92, 194, 1, 16000, 16000, '8275'),
(57, 92, 46, 1, 55000, 55000, '8275'),
(58, 92, 9, 1, 5000, 5000, '8275'),
(59, 92, 21, 1, 25000, 25000, '8275'),
(60, 92, 63, 2, 2000, 4000, '8275'),
(61, 92, 103, 1, 12000, 12000, '8275'),
(62, 92, 32, 1, 42000, 42000, '8275'),
(63, 92, 154, 1, 85000, 85000, '8275'),
(64, 92, 72, 1, 20000, 20000, '8275'),
(65, 93, 194, 1, 16000, 16000, '2884'),
(66, 93, 195, 2, 16000, 32000, '2884'),
(67, 93, 46, 1, 55000, 55000, '2884'),
(68, 93, 183, 2, 16000, 32000, '2884'),
(69, 93, 100, 1, 2000, 2000, '2884'),
(70, 93, 22, 2, 1000, 2000, '2884'),
(71, 93, 9, 1, 5000, 5000, '2884'),
(72, 93, 103, 1, 12000, 12000, '2884'),
(73, 93, 63, 1, 2000, 2000, '2884'),
(74, 93, 70, 1, 20000, 20000, '2884'),
(75, 93, 149, 1, 23000, 23000, '2884');

-- --------------------------------------------------------

--
-- Table structure for table `kategori`
--

CREATE TABLE `kategori` (
  `id_kategori` int NOT NULL,
  `nama_kategori` varchar(100) CHARACTER SET utf8mb4 COLLATE utf8mb4_general_ci NOT NULL
) ENGINE=InnoDB DEFAULT CHARSET=utf8mb4 COLLATE=utf8mb4_general_ci;

--
-- Dumping data for table `kategori`
--

INSERT INTO `kategori` (`id_kategori`, `nama_kategori`) VALUES
(10, 'Makanan'),
(11, 'Minuman'),
(12, 'Electronik'),
(14, 'Bumbu Dapur'),
(15, 'Kencantikan'),
(16, 'Kosmetik'),
(17, 'Cemilan'),
(19, 'Perawatan Tubuh'),
(20, 'Kebersihan Rumah'),
(21, 'Rokok'),
(23, 'Rokok Mentol'),
(25, 'frozen food'),
(26, 'sembako'),
(27, 'Pengemas'),
(28, 'Alat Listrik'),
(29, 'Alat Rumah Tangga'),
(30, 'Alat Bangunan'),
(31, 'bakery'),
(32, 'Pakaian'),
(33, 'Pakaian Anak'),
(34, 'Pakaian Muslim'),
(35, 'Alat Tulis Kantor'),
(36, 'Buah Buahan'),
(37, 'obat obatan');

-- --------------------------------------------------------

--
-- Table structure for table `member`
--

CREATE TABLE `member` (
  `id_member` int NOT NULL,
  `kode_member` varchar(20) NOT NULL,
  `nama_member` varchar(100) NOT NULL,
  `no_hp` varchar(15) NOT NULL,
  `status` enum('aktif','nonaktif') DEFAULT 'aktif',
  `tanggal_daftar` datetime DEFAULT CURRENT_TIMESTAMP
) ENGINE=InnoDB DEFAULT CHARSET=utf8mb4 COLLATE=utf8mb4_0900_ai_ci;

--
-- Dumping data for table `member`
--

INSERT INTO `member` (`id_member`, `kode_member`, `nama_member`, `no_hp`, `status`, `tanggal_daftar`) VALUES
(1, 'MB001', 'Kibutsuji Muzan', '080808080808', 'nonaktif', '2026-06-11 22:10:26'),
(2, 'MB002', 'Kirito', '077777777777', 'aktif', '2026-06-12 07:27:41'),
(4, 'MB003', 'Konan Sarutobi', '081928398859', 'aktif', '2026-06-16 19:23:02'),
(5, 'MB004', 'My litle bolu ketan', '087778777777', 'aktif', '2026-06-16 19:24:08'),
(6, 'MB005', 'Nanami', '121212121212', 'aktif', '2026-06-16 19:26:04');

-- --------------------------------------------------------

--
-- Table structure for table `pengguna`
--

CREATE TABLE `pengguna` (
  `id_pengguna` int NOT NULL,
  `nama` varchar(100) CHARACTER SET utf8mb4 COLLATE utf8mb4_general_ci NOT NULL,
  `username` varchar(50) CHARACTER SET utf8mb4 COLLATE utf8mb4_general_ci NOT NULL,
  `password` varchar(255) CHARACTER SET utf8mb4 COLLATE utf8mb4_general_ci NOT NULL,
  `role` enum('admin','kasir') CHARACTER SET utf8mb4 COLLATE utf8mb4_general_ci NOT NULL,
  `created_at` timestamp NOT NULL DEFAULT CURRENT_TIMESTAMP
) ENGINE=InnoDB DEFAULT CHARSET=utf8mb4 COLLATE=utf8mb4_general_ci;

--
-- Dumping data for table `pengguna`
--

INSERT INTO `pengguna` (`id_pengguna`, `nama`, `username`, `password`, `role`, `created_at`) VALUES
(1, 'jakir', 'jakir', '123', 'admin', '2026-05-16 10:19:29'),
(4, 'Jakir Apriyan', 'apriyan', '123', 'kasir', '2026-05-16 12:59:34'),
(5, 'Moch Asad Badriana', 'asad', '123', 'kasir', '2026-06-04 12:46:45'),
(7, 'Rise Kartika Utami', 'rise', '123', 'kasir', '2026-06-05 12:17:58'),
(8, 'Maulana Muhammad Zaki', 'zaki', '123', 'kasir', '2026-06-05 12:19:46');

-- --------------------------------------------------------

--
-- Table structure for table `satuan`
--

CREATE TABLE `satuan` (
  `id_satuan` int NOT NULL,
  `nama_satuan` varchar(50) NOT NULL
) ENGINE=InnoDB DEFAULT CHARSET=utf8mb4 COLLATE=utf8mb4_0900_ai_ci;

--
-- Dumping data for table `satuan`
--

INSERT INTO `satuan` (`id_satuan`, `nama_satuan`) VALUES
(3, 'pcs'),
(4, 'botol'),
(5, 'kg'),
(6, 'liter'),
(7, 'gram'),
(8, 'renceng'),
(9, 'galon'),
(10, 'dus'),
(11, 'sachet'),
(12, 'pack'),
(14, 'roll'),
(15, 'box'),
(16, 'kaleng'),
(17, 'strip');

-- --------------------------------------------------------

--
-- Table structure for table `transaksi`
--

CREATE TABLE `transaksi` (
  `id_transaksi` int NOT NULL,
  `kode_transaksi` varchar(30) CHARACTER SET utf8mb4 COLLATE utf8mb4_general_ci DEFAULT NULL,
  `total_harga` int NOT NULL DEFAULT '0',
  `diskon` decimal(12,2) DEFAULT '0.00',
  `bayar` int NOT NULL,
  `kembalian` int NOT NULL,
  `tanggal` timestamp NOT NULL DEFAULT CURRENT_TIMESTAMP,
  `status` enum('pending','dibayar') CHARACTER SET utf8mb4 COLLATE utf8mb4_general_ci DEFAULT 'pending',
  `metode_pembayaran` varchar(20) CHARACTER SET utf8mb4 COLLATE utf8mb4_general_ci DEFAULT NULL,
  `snap_token` text CHARACTER SET utf8mb4 COLLATE utf8mb4_general_ci,
  `id_pengguna` int DEFAULT NULL,
  `id_member` int DEFAULT NULL
) ENGINE=InnoDB DEFAULT CHARSET=utf8mb4 COLLATE=utf8mb4_general_ci;

--
-- Dumping data for table `transaksi`
--

INSERT INTO `transaksi` (`id_transaksi`, `kode_transaksi`, `total_harga`, `diskon`, `bayar`, `kembalian`, `tanggal`, `status`, `metode_pembayaran`, `snap_token`, `id_pengguna`, `id_member`) VALUES
(56, '9034', 25000, '0.00', 26000, 1000, '2026-06-10 16:57:08', 'dibayar', 'cash', NULL, 4, NULL),
(57, '7122', 15000, '0.00', 15000, 0, '2026-06-10 16:58:06', 'dibayar', 'cash', NULL, 4, NULL),
(58, '6938', 15000, '0.00', 15000, 0, '2026-06-10 16:59:06', 'dibayar', 'cash', NULL, 4, NULL),
(59, '5182', 5000, '0.00', 15000, 10000, '2026-06-10 17:01:13', 'dibayar', 'cash', NULL, 4, NULL),
(60, '5864', 4750, '0.00', 5000, 250, '2026-06-11 13:39:46', 'dibayar', 'cash', NULL, 4, NULL),
(61, '8319', 5000, '0.00', 5000, 0, '2026-06-11 13:46:59', 'dibayar', 'cash', NULL, 4, NULL),
(67, '6067', 4750, '250.00', 5000, 250, '2026-06-11 15:23:31', 'dibayar', 'cash', NULL, 4, 1),
(69, '9068', 4750, '250.00', 5000, 250, '2026-06-11 23:44:38', 'dibayar', 'cash', NULL, 4, 1),
(70, '6675', 4750, '250.00', 5000, 250, '2026-06-12 00:02:01', 'dibayar', 'cash', NULL, 4, 1),
(71, '9009', 4750, '250.00', 5000, 250, '2026-06-12 00:16:58', 'dibayar', 'cash', NULL, 4, 2),
(79, '8701', 10000, '0.00', 10000, 0, '2026-06-12 06:43:31', 'dibayar', 'cash', NULL, 4, NULL),
(80, '9649', 3800, '200.00', 5000, 1200, '2026-06-13 02:01:54', 'dibayar', 'cash', NULL, 4, 2),
(81, '5401', 3800, '200.00', 5000, 1200, '2026-06-13 02:23:43', 'dibayar', 'cash', NULL, 4, 2),
(82, '9879', 36575, '1925.00', 36575, 0, '2026-06-13 10:05:40', 'dibayar', 'online', '261ba770-6326-4868-a2a0-8f0e03627575', 7, 2),
(83, '6391', 35000, '0.00', 35000, 0, '2026-06-13 10:20:14', 'dibayar', 'online', '0ec44122-93fa-4281-aa20-faa153fa67d1', 7, NULL),
(84, '2803', 85000, '0.00', 85000, 0, '2026-06-13 10:27:39', 'dibayar', 'online', '94beb6c1-9fe7-40b1-b547-b5d3ae0a00e3', 5, NULL),
(85, '6045', 110000, '0.00', 110000, 0, '2026-06-13 10:28:45', 'dibayar', 'online', '2e35ce12-0388-46d8-ac45-2f9250387ae3', 8, NULL),
(92, '8275', 269800, '14200.00', 269800, 0, '2026-06-15 12:26:50', 'dibayar', 'online', '31f85dc7-d0e5-4d21-ab28-99a0e194e53c', 7, 2),
(93, '2884', 190950, '10050.00', 190950, 0, '2026-06-15 14:50:36', 'dibayar', 'online', 'ddfa863b-a1b3-4346-a863-188c133b3c34', 7, 2);

--
-- Indexes for dumped tables
--

--
-- Indexes for table `barang`
--
ALTER TABLE `barang`
  ADD PRIMARY KEY (`id_barang`),
  ADD KEY `id_kategori` (`id_kategori`);

--
-- Indexes for table `detail_transaksi`
--
ALTER TABLE `detail_transaksi`
  ADD PRIMARY KEY (`id_detail`),
  ADD KEY `id_transaksi` (`id_transaksi`),
  ADD KEY `id_barang` (`id_barang`);

--
-- Indexes for table `kategori`
--
ALTER TABLE `kategori`
  ADD PRIMARY KEY (`id_kategori`);

--
-- Indexes for table `member`
--
ALTER TABLE `member`
  ADD PRIMARY KEY (`id_member`),
  ADD UNIQUE KEY `no_hp` (`no_hp`),
  ADD UNIQUE KEY `kode_member` (`kode_member`);

--
-- Indexes for table `pengguna`
--
ALTER TABLE `pengguna`
  ADD PRIMARY KEY (`id_pengguna`),
  ADD UNIQUE KEY `username` (`username`);

--
-- Indexes for table `satuan`
--
ALTER TABLE `satuan`
  ADD PRIMARY KEY (`id_satuan`);

--
-- Indexes for table `transaksi`
--
ALTER TABLE `transaksi`
  ADD PRIMARY KEY (`id_transaksi`),
  ADD UNIQUE KEY `kode_transaksi` (`kode_transaksi`),
  ADD KEY `fk_transaksi_pengguna` (`id_pengguna`),
  ADD KEY `id_member` (`id_member`);

--
-- AUTO_INCREMENT for dumped tables
--

--
-- AUTO_INCREMENT for table `barang`
--
ALTER TABLE `barang`
  MODIFY `id_barang` int NOT NULL AUTO_INCREMENT, AUTO_INCREMENT=619;

--
-- AUTO_INCREMENT for table `detail_transaksi`
--
ALTER TABLE `detail_transaksi`
  MODIFY `id_detail` int NOT NULL AUTO_INCREMENT, AUTO_INCREMENT=78;

--
-- AUTO_INCREMENT for table `kategori`
--
ALTER TABLE `kategori`
  MODIFY `id_kategori` int NOT NULL AUTO_INCREMENT, AUTO_INCREMENT=41;

--
-- AUTO_INCREMENT for table `member`
--
ALTER TABLE `member`
  MODIFY `id_member` int NOT NULL AUTO_INCREMENT, AUTO_INCREMENT=7;

--
-- AUTO_INCREMENT for table `pengguna`
--
ALTER TABLE `pengguna`
  MODIFY `id_pengguna` int NOT NULL AUTO_INCREMENT, AUTO_INCREMENT=13;

--
-- AUTO_INCREMENT for table `satuan`
--
ALTER TABLE `satuan`
  MODIFY `id_satuan` int NOT NULL AUTO_INCREMENT, AUTO_INCREMENT=19;

--
-- AUTO_INCREMENT for table `transaksi`
--
ALTER TABLE `transaksi`
  MODIFY `id_transaksi` int NOT NULL AUTO_INCREMENT, AUTO_INCREMENT=95;

--
-- Constraints for dumped tables
--

--
-- Constraints for table `barang`
--
ALTER TABLE `barang`
  ADD CONSTRAINT `barang_ibfk_1` FOREIGN KEY (`id_kategori`) REFERENCES `kategori` (`id_kategori`) ON UPDATE CASCADE;

--
-- Constraints for table `detail_transaksi`
--
ALTER TABLE `detail_transaksi`
  ADD CONSTRAINT `detail_transaksi_ibfk_1` FOREIGN KEY (`id_transaksi`) REFERENCES `transaksi` (`id_transaksi`) ON DELETE CASCADE ON UPDATE CASCADE,
  ADD CONSTRAINT `detail_transaksi_ibfk_2` FOREIGN KEY (`id_barang`) REFERENCES `barang` (`id_barang`) ON UPDATE CASCADE;

--
-- Constraints for table `transaksi`
--
ALTER TABLE `transaksi`
  ADD CONSTRAINT `fk_transaksi_pengguna` FOREIGN KEY (`id_pengguna`) REFERENCES `pengguna` (`id_pengguna`) ON UPDATE CASCADE;
COMMIT;

/*!40101 SET CHARACTER_SET_CLIENT=@OLD_CHARACTER_SET_CLIENT */;
/*!40101 SET CHARACTER_SET_RESULTS=@OLD_CHARACTER_SET_RESULTS */;
/*!40101 SET COLLATION_CONNECTION=@OLD_COLLATION_CONNECTION */;
